{"cameraMode":{"drawMode":0,"name":"Shaded","section":"Shading Mode"},"sceneLighting":false,"audioPlay":false,"sceneViewState":{"showFog":false,"showMaterialUpdate":false,"showSkybox":false,"showFlares":false,"showImageEffects":false,"showParticleSystems":false},"in2DMode":false,"pivot":{"x":1521.5999755859375,"y":521.7000122070313,"z":0.0},"rotation":{"x":-0.11550717800855637,"y":0.02740854024887085,"z":-0.0031889236997812988,"w":-0.9929233193397522},"size":216.5957489013672,"orthographic":false}