{"cameraMode":{"drawMode":0,"name":"Shaded","section":"Shading Mode"},"sceneLighting":true,"audioPlay":false,"sceneViewState":{"showFog":false,"showMaterialUpdate":false,"showSkybox":false,"showFlares":false,"showImageEffects":false,"showParticleSystems":false},"in2DMode":false,"pivot":{"x":1725.56591796875,"y":666.3555908203125,"z":1507.5482177734375},"rotation":{"x":-0.030297845602035524,"y":-0.02189156413078308,"z":0.000663230661302805,"w":-0.9993009567260742},"size":2717.41455078125,"orthographic":false}