{"cameraMode":{"drawMode":0,"name":"Shaded","section":"Shading Mode"},"sceneLighting":true,"audioPlay":false,"sceneViewState":{"showFog":false,"showMaterialUpdate":false,"showSkybox":false,"showFlares":false,"showImageEffects":false,"showParticleSystems":false},"in2DMode":false,"pivot":{"x":1632.712890625,"y":650.08935546875,"z":48.41461181640625},"rotation":{"x":-0.14366823434829713,"y":-0.043927278369665149,"z":0.0063828760758042339,"w":-0.988629937171936},"size":734.6644287109375,"orthographic":false}